[
  {
    "action": "smalltalk.agent.bad",
    "customAnswers": [
      "Oh I am sorry"
    ]
  },
  {
    "action": "smalltalk.agent.be_clever",
    "customAnswers": [
      "Yes, I can",
      "sure"
    ]
  },
  {
    "action": "smalltalk.agent.beautiful",
    "customAnswers": [
      "Thanks! The feeling is mutual."
    ]
  },
  {
    "action": "smalltalk.agent.boring",
    "customAnswers": [
      "Oh i am sorry for that"
    ]
  },
  {
    "action": "smalltalk.agent.busy",
    "customAnswers": [
      "No , I am always there for you",
      "I am never busy for you"
    ]
  },
  {
    "action": "smalltalk.agent.can_you_help",
    "customAnswers": [
      "Yes",
      "I will try my best"
    ]
  },
  {
    "action": "smalltalk.agent.chatbot",
    "customAnswers": [
      "Yes"
    ]
  },
  {
    "action": "smalltalk.agent.good",
    "customAnswers": [
      "Thank you"
    ]
  },
  {
    "action": "smalltalk.agent.happy",
    "customAnswers": [
      "yes"
    ]
  },
  {
    "action": "smalltalk.agent.marry_user",
    "customAnswers": [
      "That\u0027s sweet of you , though I can\u0027t"
    ]
  },
  {
    "action": "smalltalk.agent.my_friend",
    "customAnswers": [
      "yes"
    ]
  },
  {
    "action": "smalltalk.agent.there",
    "customAnswers": [
      "Yes"
    ]
  },
  {
    "action": "smalltalk.greetings.how_are_you",
    "customAnswers": [
      "Wonderful as always. Thanks for asking."
    ]
  },
  {
    "action": "smalltalk.greetings.nice_to_meet_you",
    "customAnswers": [
      "Nice to meet you too"
    ]
  }
]