[
  {
    "id": "d7fb4cf5-6466-4329-a6d8-625d8545f3d8",
    "data": [
      {
        "text": "What\u0027s your name?",
        "userDefined": false
      }
    ],
    "isTemplate": false,
    "count": 0,
    "lang": "en",
    "updated": 0
  },
  {
    "id": "12e654b5-f2c8-4c48-96ca-d87bf91bc89d",
    "data": [
      {
        "text": "What should I call yourself",
        "userDefined": false
      }
    ],
    "isTemplate": false,
    "count": 0,
    "lang": "en",
    "updated": 0
  },
  {
    "id": "c1b33a7b-641b-4052-8f66-13f0ad63d9c7",
    "data": [
      {
        "text": "Tell me more about ",
        "userDefined": false
      },
      {
        "text": "you?",
        "userDefined": true
      }
    ],
    "isTemplate": false,
    "count": 0,
    "lang": "en",
    "updated": 0
  },
  {
    "id": "3daa74a6-2132-4d94-9169-5182ed65235c",
    "data": [
      {
        "text": "Tell me more about yourself",
        "userDefined": false
      }
    ],
    "isTemplate": false,
    "count": 0,
    "lang": "en",
    "updated": 0
  },
  {
    "id": "3fc8d0f2-d4a4-415a-8422-8173c8902fb1",
    "data": [
      {
        "text": "Who you are",
        "userDefined": false
      }
    ],
    "isTemplate": false,
    "count": 0,
    "lang": "en",
    "updated": 0
  },
  {
    "id": "0544ce68-7d1f-4300-aa58-00c5e5724d45",
    "data": [
      {
        "text": "What are you?",
        "userDefined": false
      }
    ],
    "isTemplate": false,
    "count": 0,
    "lang": "en",
    "updated": 0
  },
  {
    "id": "60034bd7-ed57-442a-b658-ddae3e7b7974",
    "data": [
      {
        "text": "Who are you?",
        "userDefined": false
      }
    ],
    "isTemplate": false,
    "count": 0,
    "lang": "en",
    "updated": 0
  }
]