[
  {
    "id": "24f50c13-25c3-4b41-8be2-5968f78b3f93",
    "data": [
      {
        "text": "The real question is: Who created you?",
        "userDefined": false
      }
    ],
    "isTemplate": false,
    "count": 0,
    "lang": "en",
    "updated": 0
  },
  {
    "id": "e61ea2bd-f166-4d21-8dc4-a7d6237e3749",
    "data": [
      {
        "text": "How were you created?",
        "userDefined": false
      }
    ],
    "isTemplate": false,
    "count": 0,
    "lang": "en",
    "updated": 0
  },
  {
    "id": "b572c9ca-41f5-41d0-9a78-2092fcf5c52e",
    "data": [
      {
        "text": "How were you made?",
        "userDefined": false
      }
    ],
    "isTemplate": false,
    "count": 0,
    "lang": "en",
    "updated": 0
  },
  {
    "id": "a783e09a-1711-4819-b52c-e2751ecf6cb3",
    "data": [
      {
        "text": "Who created you?",
        "userDefined": false
      }
    ],
    "isTemplate": false,
    "count": 0,
    "lang": "en",
    "updated": 0
  }
]