[
  {
    "id": "4584e021-13ba-4ef9-9e48-5ea70e34f41e",
    "data": [
      {
        "text": "My friend passed away",
        "userDefined": false
      }
    ],
    "isTemplate": false,
    "count": 0,
    "lang": "en",
    "updated": 0
  },
  {
    "id": "d8de7664-752e-467d-91f2-ac5a35fca467",
    "data": [
      {
        "text": "Someone in my family ",
        "userDefined": false
      },
      {
        "text": "died",
        "userDefined": false
      }
    ],
    "isTemplate": false,
    "count": 0,
    "lang": "en",
    "updated": 0
  },
  {
    "id": "5cc53486-815d-471a-8c61-80b1b25afa8b",
    "data": [
      {
        "text": "My sister passed away",
        "userDefined": false
      }
    ],
    "isTemplate": false,
    "count": 0,
    "lang": "en",
    "updated": 0
  },
  {
    "id": "8490b9a3-6570-439a-bb0f-b052e45af24e",
    "data": [
      {
        "text": "My dad passed away",
        "userDefined": false
      }
    ],
    "isTemplate": false,
    "count": 0,
    "lang": "en",
    "updated": 0
  },
  {
    "id": "c52c1a5c-0587-4e75-b75d-5649716b87d5",
    "data": [
      {
        "text": "My brother ",
        "userDefined": false
      },
      {
        "text": "died",
        "userDefined": false
      }
    ],
    "isTemplate": false,
    "count": 0,
    "lang": "en",
    "updated": 0
  },
  {
    "id": "0e38f20e-7ac5-4e85-bf4f-0abd99b78a61",
    "data": [
      {
        "text": "My mom ",
        "userDefined": false
      },
      {
        "text": "died",
        "userDefined": false
      }
    ],
    "isTemplate": false,
    "count": 0,
    "lang": "en",
    "updated": 0
  }
]