[
  {
    "id": "2d021f16-daaa-4b8d-adc9-aff29c338628",
    "data": [
      {
        "text": "financial problems",
        "userDefined": false
      }
    ],
    "isTemplate": false,
    "count": 0,
    "lang": "en",
    "updated": 0
  },
  {
    "id": "5c0baa90-2779-43bc-ac55-c867bea1fdf5",
    "data": [
      {
        "text": "money",
        "userDefined": false
      }
    ],
    "isTemplate": false,
    "count": 0,
    "lang": "en",
    "updated": 0
  },
  {
    "id": "79a10a33-7929-4ac2-b943-ad5352c6e659",
    "data": [
      {
        "text": "family",
        "userDefined": false
      }
    ],
    "isTemplate": false,
    "count": 0,
    "lang": "en",
    "updated": 0
  },
  {
    "id": "b462f4d1-14bd-4faf-9e27-90318538b33e",
    "data": [
      {
        "text": "girlfriend",
        "userDefined": false
      }
    ],
    "isTemplate": false,
    "count": 0,
    "lang": "en",
    "updated": 0
  },
  {
    "id": "6d8a23a8-afbd-435d-ab1a-f15b9fc8a4af",
    "data": [
      {
        "text": "boyfriend",
        "userDefined": false
      }
    ],
    "isTemplate": false,
    "count": 0,
    "lang": "en",
    "updated": 0
  },
  {
    "id": "fc0cab6c-2fdf-4e40-afa1-81be12a37f72",
    "data": [
      {
        "text": "relationship",
        "userDefined": false
      }
    ],
    "isTemplate": false,
    "count": 0,
    "lang": "en",
    "updated": 0
  },
  {
    "id": "0ac4e353-7345-4101-9942-993a62cb9289",
    "data": [
      {
        "text": "friends",
        "userDefined": false
      }
    ],
    "isTemplate": false,
    "count": 0,
    "lang": "en",
    "updated": 0
  },
  {
    "id": "36209fc6-df3b-4615-a283-3b2e30c1bbd6",
    "data": [
      {
        "text": "exams",
        "userDefined": false
      }
    ],
    "isTemplate": false,
    "count": 0,
    "lang": "en",
    "updated": 0
  }
]