[
  {
    "id": "7da87f60-0639-4419-b94c-4b57e0a893bf",
    "data": [
      {
        "text": "I think i\u0027m ",
        "userDefined": false
      },
      {
        "text": "depressed",
        "userDefined": false
      }
    ],
    "isTemplate": false,
    "count": 0,
    "lang": "en",
    "updated": 0
  },
  {
    "id": "a336f7b6-05b9-41ee-a669-f3730bad7663",
    "data": [
      {
        "text": "I have ",
        "userDefined": false
      },
      {
        "text": "depression",
        "userDefined": false
      }
    ],
    "isTemplate": false,
    "count": 0,
    "lang": "en",
    "updated": 0
  },
  {
    "id": "9a410f71-b584-4e67-b1ec-0df984546685",
    "data": [
      {
        "text": "I am so ",
        "userDefined": false
      },
      {
        "text": "depressed",
        "userDefined": false
      }
    ],
    "isTemplate": false,
    "count": 0,
    "lang": "en",
    "updated": 0
  },
  {
    "id": "78a4acf4-542d-48a0-ac30-0310c42b20b0",
    "data": [
      {
        "text": "I can\u0027t take it anymore",
        "userDefined": false
      }
    ],
    "isTemplate": false,
    "count": 0,
    "lang": "en",
    "updated": 0
  }
]