[
  {
    "id": "7294619a-dd4b-40af-aaec-58478743e037",
    "data": [
      {
        "text": "That\u0027s all i have to say",
        "userDefined": false
      }
    ],
    "isTemplate": false,
    "count": 0,
    "lang": "en",
    "updated": 0
  },
  {
    "id": "b6d5e8ab-286d-4adc-a247-702de43bd513",
    "data": [
      {
        "text": "no,",
        "userDefined": false
      },
      {
        "text": " that would be all",
        "userDefined": false
      }
    ],
    "isTemplate": false,
    "count": 0,
    "lang": "en",
    "updated": 0
  },
  {
    "id": "8acf3e05-b4ce-43d7-bf78-23e34a250487",
    "data": [
      {
        "text": "Nothing ",
        "userDefined": false
      },
      {
        "text": "else",
        "userDefined": false
      }
    ],
    "isTemplate": false,
    "count": 0,
    "lang": "en",
    "updated": 0
  },
  {
    "id": "78e6d957-fadb-4a51-9e36-f79fabadf83e",
    "data": [
      {
        "text": "I ",
        "userDefined": false
      },
      {
        "text": "don",
        "userDefined": false
      },
      {
        "text": "\u0027t have anything more to say",
        "userDefined": false
      }
    ],
    "isTemplate": false,
    "count": 0,
    "lang": "en",
    "updated": 0
  },
  {
    "id": "2f02b496-84a9-4d43-9058-48f6e2a0ae22",
    "data": [
      {
        "text": "That\u0027s all",
        "userDefined": false
      }
    ],
    "isTemplate": false,
    "count": 0,
    "lang": "en",
    "updated": 0
  }
]