[
  {
    "id": "373d7e9d-c3ca-4113-8baf-056069785813",
    "data": [
      {
        "text": "Is there any cure for mental health problems?",
        "userDefined": false
      }
    ],
    "isTemplate": false,
    "count": 0,
    "lang": "en",
    "updated": 0
  },
  {
    "id": "cd852a82-4e2d-45a2-9bf9-5b8cca93d0a2",
    "data": [
      {
        "text": "Are there cures for mental health problems?",
        "userDefined": false
      }
    ],
    "isTemplate": false,
    "count": 0,
    "lang": "en",
    "updated": 0
  }
]