[
  {
    "id": "c4cc96b6-ce59-441d-9653-55ea4dc0790e",
    "data": [
      {
        "text": "Define ",
        "userDefined": false
      },
      {
        "text": "Depression",
        "userDefined": false
      }
    ],
    "isTemplate": false,
    "count": 0,
    "lang": "en",
    "updated": 0
  },
  {
    "id": "262e85d0-49e6-42cd-a683-59d9ea614b86",
    "data": [
      {
        "text": "What is ",
        "userDefined": false
      },
      {
        "text": "Depression",
        "userDefined": false
      },
      {
        "text": "?",
        "userDefined": false
      }
    ],
    "isTemplate": false,
    "count": 0,
    "lang": "en",
    "updated": 0
  }
]