[
  {
    "id": "0c2ce969-8cab-4362-a613-9c90100c211f",
    "data": [
      {
        "text": "Who is therapy for?",
        "userDefined": false
      }
    ],
    "isTemplate": false,
    "count": 0,
    "lang": "en",
    "updated": 0
  },
  {
    "id": "001cfcf1-3084-49cc-8ede-68102dac9f6c",
    "data": [
      {
        "text": "Do i need therapy?",
        "userDefined": false
      }
    ],
    "isTemplate": false,
    "count": 0,
    "lang": "en",
    "updated": 0
  },
  {
    "id": "03f8c0b8-f2fa-41ef-ad5d-965c4283b603",
    "data": [
      {
        "text": "What is therapy?",
        "userDefined": false
      }
    ],
    "isTemplate": false,
    "count": 0,
    "lang": "en",
    "updated": 0
  }
]