[
  {
    "id": "6b9d9667-1ecf-4674-b876-2be785106710",
    "data": [
      {
        "text": "Am i mentally ",
        "userDefined": false
      },
      {
        "text": "ill",
        "meta": "@negativeFeelings",
        "alias": "negativefeelings",
        "userDefined": false
      },
      {
        "text": "?",
        "userDefined": false
      }
    ],
    "isTemplate": false,
    "count": 0,
    "lang": "en",
    "updated": 0
  },
  {
    "id": "33b649c1-30e6-466f-ad20-1804438ad7e0",
    "data": [
      {
        "text": "Am i suffering from ",
        "userDefined": false
      },
      {
        "text": "depression",
        "userDefined": false
      },
      {
        "text": "?",
        "userDefined": false
      }
    ],
    "isTemplate": false,
    "count": 0,
    "lang": "en",
    "updated": 0
  },
  {
    "id": "da09072e-96d9-4825-9168-02c0f5d8642a",
    "data": [
      {
        "text": "Am i ",
        "userDefined": false
      },
      {
        "text": "depressed",
        "userDefined": false
      },
      {
        "text": "?",
        "userDefined": false
      }
    ],
    "isTemplate": false,
    "count": 0,
    "lang": "en",
    "updated": 0
  },
  {
    "id": "46dec330-ca15-4c27-b544-cc6763399d57",
    "data": [
      {
        "text": "How do i know if i have ",
        "userDefined": false
      },
      {
        "text": "Depression",
        "userDefined": false
      },
      {
        "text": "?",
        "userDefined": false
      }
    ],
    "isTemplate": false,
    "count": 0,
    "lang": "en",
    "updated": 0
  }
]