[
  {
    "id": "0b4f54e4-443e-42b2-a7d1-f3f23429c5ed",
    "data": [
      {
        "text": "difference between sadness and depression",
        "userDefined": false
      }
    ],
    "isTemplate": false,
    "count": 0,
    "lang": "en",
    "updated": 0
  },
  {
    "id": "822ffa31-e7cb-4ba5-a71b-384083b84c8b",
    "data": [
      {
        "text": "What\u0027s the difference between ",
        "userDefined": false
      },
      {
        "text": "sadness",
        "userDefined": false
      },
      {
        "text": " and ",
        "userDefined": false
      },
      {
        "text": "depression",
        "userDefined": false
      },
      {
        "text": "?",
        "userDefined": false
      }
    ],
    "isTemplate": false,
    "count": 0,
    "lang": "en",
    "updated": 0
  }
]