[
  {
    "id": "1eba5547-cc05-44de-9e24-803f01e35df1",
    "data": [
      {
        "text": "What causes mental illness?",
        "userDefined": false
      }
    ],
    "isTemplate": false,
    "count": 0,
    "lang": "en",
    "updated": 0
  },
  {
    "id": "e9971c9a-3191-493b-b2be-944d03079c95",
    "data": [
      {
        "text": "Who does mental illness affect?",
        "userDefined": false
      }
    ],
    "isTemplate": false,
    "count": 0,
    "lang": "en",
    "updated": 0
  }
]