[
  {
    "id": "fcf9651b-3089-47bb-a685-9219b981d712",
    "data": [
      {
        "text": "What is the importance of mental health?",
        "userDefined": false
      }
    ],
    "isTemplate": false,
    "count": 0,
    "lang": "en",
    "updated": 0
  },
  {
    "id": "85d1bb59-1f52-4cf1-9ae0-65c3d6f9b92a",
    "data": [
      {
        "text": "Why is mental health important?",
        "userDefined": false
      }
    ],
    "isTemplate": false,
    "count": 0,
    "lang": "en",
    "updated": 0
  }
]