[
  {
    "id": "73cfde15-9919-4931-a3cc-33edd435d995",
    "data": [
      {
        "text": "Fare thee well",
        "userDefined": false
      }
    ],
    "isTemplate": false,
    "count": 0,
    "lang": "en",
    "updated": 0
  },
  {
    "id": "871c1fcf-b34d-478e-8b95-344b33a72bca",
    "data": [
      {
        "text": "ciao",
        "userDefined": false
      }
    ],
    "isTemplate": false,
    "count": 0,
    "lang": "en",
    "updated": 0
  },
  {
    "id": "8eb7c9a6-4911-4150-a5cb-7f2cda814930",
    "data": [
      {
        "text": "Bye then",
        "userDefined": false
      }
    ],
    "isTemplate": false,
    "count": 1,
    "lang": "en",
    "updated": 0
  },
  {
    "id": "8b6528e5-b464-4a22-a4dc-b2791daf1e49",
    "data": [
      {
        "text": "ok bye",
        "userDefined": false
      }
    ],
    "isTemplate": false,
    "count": 0,
    "lang": "en",
    "updated": 0
  },
  {
    "id": "b858d456-7f8d-4157-a474-63d9fc16f53d",
    "data": [
      {
        "text": "Sayonara",
        "userDefined": false
      }
    ],
    "isTemplate": false,
    "count": 0,
    "lang": "en",
    "updated": 0
  },
  {
    "id": "957c64ea-45b2-4f5e-bc9b-7157d973a5d0",
    "data": [
      {
        "text": "Au revoir",
        "userDefined": false
      }
    ],
    "isTemplate": false,
    "count": 0,
    "lang": "en",
    "updated": 0
  },
  {
    "id": "3a7e6564-5408-4690-bc08-cca992dce320",
    "data": [
      {
        "text": "Goodbye",
        "userDefined": false
      }
    ],
    "isTemplate": false,
    "count": 0,
    "lang": "en",
    "updated": 0
  },
  {
    "id": "65debd15-7aca-4b02-a6b1-62b27251efbb",
    "data": [
      {
        "text": "See you later",
        "userDefined": false
      }
    ],
    "isTemplate": false,
    "count": 0,
    "lang": "en",
    "updated": 0
  },
  {
    "id": "1ce165cd-0ae5-49d1-bb50-be7be569a49d",
    "data": [
      {
        "text": "Bye",
        "userDefined": false
      }
    ],
    "isTemplate": false,
    "count": 0,
    "lang": "en",
    "updated": 0
  }
]