[
  {
    "id": "cfde7982-9e8e-40bb-95c9-c9569790f93a",
    "data": [
      {
        "text": "I ",
        "userDefined": false
      },
      {
        "text": "don",
        "userDefined": false
      },
      {
        "text": "\u0027t trust you",
        "userDefined": false
      }
    ],
    "isTemplate": false,
    "count": 0,
    "lang": "en",
    "updated": 0
  },
  {
    "id": "32786ff9-fe1d-45c3-9269-73a8b2696acd",
    "data": [
      {
        "text": "I ",
        "userDefined": false
      },
      {
        "text": "don",
        "userDefined": false
      },
      {
        "text": "\u0027t like you",
        "userDefined": false
      }
    ],
    "isTemplate": false,
    "count": 0,
    "lang": "en",
    "updated": 0
  },
  {
    "id": "212d893a-038a-475f-997c-00f8e2681f78",
    "data": [
      {
        "text": "I hate you",
        "userDefined": false
      }
    ],
    "isTemplate": false,
    "count": 0,
    "lang": "en",
    "updated": 0
  }
]