[
  {
    "id": "584e4f14-a1ab-446e-b6a4-be4fe117b01a",
    "data": [
      {
        "text": "Support me please",
        "userDefined": false
      }
    ],
    "isTemplate": false,
    "count": 0,
    "lang": "en",
    "updated": 0
  },
  {
    "id": "37a104c1-c4be-4725-8d77-7b3eb1e723ff",
    "data": [
      {
        "text": "I need help",
        "userDefined": false
      }
    ],
    "isTemplate": false,
    "count": 0,
    "lang": "en",
    "updated": 0
  },
  {
    "id": "0729a48e-1209-4c1e-bfb9-1f998581ade9",
    "data": [
      {
        "text": "I need support",
        "userDefined": false
      }
    ],
    "isTemplate": false,
    "count": 0,
    "lang": "en",
    "updated": 0
  },
  {
    "id": "31f40ebb-3460-4a10-8003-c51aa2d9734e",
    "data": [
      {
        "text": "What can you do for me?",
        "userDefined": false
      }
    ],
    "isTemplate": false,
    "count": 0,
    "lang": "en",
    "updated": 0
  },
  {
    "id": "94ac0556-bd36-4010-be99-e78254aaebbb",
    "data": [
      {
        "text": "Can you help?",
        "userDefined": false
      }
    ],
    "isTemplate": false,
    "count": 0,
    "lang": "en",
    "updated": 0
  },
  {
    "id": "98a3dc4c-a961-4bc8-84ea-ceda9fb7985e",
    "data": [
      {
        "text": "give me a hand please",
        "userDefined": false
      }
    ],
    "isTemplate": false,
    "count": 0,
    "lang": "en",
    "updated": 0
  },
  {
    "id": "00481180-395e-4c4e-8ee2-4238d1005e7b",
    "data": [
      {
        "text": "Could you help me?",
        "userDefined": false
      }
    ],
    "isTemplate": false,
    "count": 0,
    "lang": "en",
    "updated": 0
  }
]