[
  {
    "id": "8974894a-ae1d-4875-9f35-935915da6e62",
    "data": [
      {
        "text": "sure",
        "userDefined": false
      }
    ],
    "isTemplate": false,
    "count": 0,
    "lang": "en",
    "updated": 0
  },
  {
    "id": "ce29915c-94f6-4500-bffb-3d6bf5b48ec2",
    "data": [
      {
        "text": "ok",
        "userDefined": false
      },
      {
        "text": " ",
        "userDefined": false
      },
      {
        "text": "sure",
        "userDefined": false
      },
      {
        "text": ". i would like to learn more about it.",
        "userDefined": false
      }
    ],
    "isTemplate": false,
    "count": 0,
    "lang": "en",
    "updated": 0
  }
]