[
  {
    "id": "87b7801e-b145-470a-868b-d7a69f270d24",
    "data": [
      {
        "text": "I\u0027m interested in learning about mental health.",
        "userDefined": false
      }
    ],
    "isTemplate": false,
    "count": 0,
    "lang": "en",
    "updated": 0
  },
  {
    "id": "c2c3c074-8b66-47d4-80f7-4b75ab029dbd",
    "data": [
      {
        "text": "I want to learn more about mental health.",
        "userDefined": false
      }
    ],
    "isTemplate": false,
    "count": 0,
    "lang": "en",
    "updated": 0
  },
  {
    "id": "ed48816c-ecaa-4ec9-95a9-5ee1b7283861",
    "data": [
      {
        "text": "I want to learn about mental health.",
        "userDefined": false
      }
    ],
    "isTemplate": false,
    "count": 0,
    "lang": "en",
    "updated": 0
  }
]