[
  {
    "id": "cfd0e03a-c82a-4fdb-9855-b1c02dde913e",
    "data": [
      {
        "text": "What is your location?",
        "userDefined": false
      }
    ],
    "isTemplate": false,
    "count": 0,
    "lang": "en",
    "updated": 0
  },
  {
    "id": "b6c0d6ef-16e1-44b9-924b-5da8bcefc716",
    "data": [
      {
        "text": "Where do you ",
        "userDefined": false
      },
      {
        "text": "live",
        "userDefined": false
      },
      {
        "text": "?",
        "userDefined": false
      }
    ],
    "isTemplate": false,
    "count": 0,
    "lang": "en",
    "updated": 0
  },
  {
    "id": "e6fbe05e-a8a3-4642-a25a-2e8b6e8d7693",
    "data": [
      {
        "text": "Where are you?",
        "userDefined": false
      }
    ],
    "isTemplate": false,
    "count": 0,
    "lang": "en",
    "updated": 0
  }
]