[
  {
    "id": "f18a3515-2753-4cfe-b05a-1dd6fae3cd87",
    "data": [
      {
        "text": "Tell me another fact about mental health",
        "userDefined": false
      }
    ],
    "isTemplate": false,
    "count": 0,
    "lang": "en",
    "updated": 0
  },
  {
    "id": "cf6501bd-5ff9-44fc-8752-54ca429f87f9",
    "data": [
      {
        "text": "Tell me a fact about mental health",
        "userDefined": false
      }
    ],
    "isTemplate": false,
    "count": 0,
    "lang": "en",
    "updated": 0
  }
]