[
  {
    "id": "5e26504b-814a-4ec6-b466-1fe133e52489",
    "data": [
      {
        "text": "i guess not",
        "userDefined": false
      }
    ],
    "isTemplate": false,
    "count": 0,
    "lang": "en",
    "updated": 0
  },
  {
    "id": "fbc0b86e-6c46-4a1f-b75f-4d1fded8b6c1",
    "data": [
      {
        "text": "not really",
        "userDefined": false
      }
    ],
    "isTemplate": false,
    "count": 0,
    "lang": "en",
    "updated": 0
  },
  {
    "id": "51d38298-8d68-4234-8033-bdd7dae404e6",
    "data": [
      {
        "text": "I guess not. All I can think about are my exams.",
        "userDefined": false
      }
    ],
    "isTemplate": false,
    "count": 0,
    "lang": "en",
    "updated": 0
  }
]