[
  {
    "id": "7ae2671e-189c-4ca1-81ef-4a182ef62537",
    "data": [
      {
        "text": "Just shut up",
        "userDefined": false
      }
    ],
    "isTemplate": false,
    "count": 0,
    "lang": "en",
    "updated": 0
  },
  {
    "id": "341dc234-8fe5-4281-b5ec-1defcff12fbc",
    "data": [
      {
        "text": "I can\u0027t bring myself to open up.",
        "userDefined": false
      }
    ],
    "isTemplate": false,
    "count": 0,
    "lang": "en",
    "updated": 0
  },
  {
    "id": "a8146a89-7328-43bc-aedc-388a9b168185",
    "data": [
      {
        "text": "No",
        "userDefined": false
      },
      {
        "text": " just stay away.",
        "userDefined": false
      }
    ],
    "isTemplate": false,
    "count": 0,
    "lang": "en",
    "updated": 0
  },
  {
    "id": "f342f627-3137-436a-bb79-655690bb6ae2",
    "data": [
      {
        "text": "I ",
        "userDefined": false
      },
      {
        "text": "don",
        "userDefined": false
      },
      {
        "text": "\u0027t want to talk about it.",
        "userDefined": false
      }
    ],
    "isTemplate": false,
    "count": 0,
    "lang": "en",
    "updated": 0
  }
]