[
  {
    "id": "821ec745-d914-4e7f-8d5e-ffb2456b0ab9",
    "data": [
      {
        "text": "probably because of my exams",
        "userDefined": false
      }
    ],
    "isTemplate": false,
    "count": 0,
    "lang": "en",
    "updated": 0
  },
  {
    "id": "4b574bc2-b2aa-4f61-a56c-a468b04ae4c0",
    "data": [
      {
        "text": "Probably because my exams are approaching. I feel stressed out because I ",
        "userDefined": false
      },
      {
        "text": "don",
        "userDefined": false
      },
      {
        "text": "\u0027t think I\u0027ve prepared well enough.",
        "userDefined": false
      }
    ],
    "isTemplate": false,
    "count": 0,
    "lang": "en",
    "updated": 0
  }
]