[
  {
    "id": "fc615039-2b01-47f6-8ffb-c0158221e957",
    "data": [
      {
        "text": "Why are you repeating yourself?",
        "userDefined": false
      }
    ],
    "isTemplate": false,
    "count": 1,
    "lang": "en",
    "updated": 0
  },
  {
    "id": "45ec0447-af90-4048-bf52-a2e076b5fc51",
    "data": [
      {
        "text": "You mentioned that already",
        "userDefined": false
      }
    ],
    "isTemplate": false,
    "count": 0,
    "lang": "en",
    "updated": 0
  },
  {
    "id": "4fcc133c-9c91-4273-98d8-6006f6c64dc1",
    "data": [
      {
        "text": "You already told me that",
        "userDefined": false
      }
    ],
    "isTemplate": false,
    "count": 0,
    "lang": "en",
    "updated": 0
  }
]