[
  {
    "id": "06f940df-1bd3-4b8c-91bc-83f94e55dbe8",
    "data": [
      {
        "text": "I feel so lonely",
        "userDefined": false
      }
    ],
    "isTemplate": false,
    "count": 0,
    "lang": "en",
    "updated": 0
  },
  {
    "id": "0273a5cd-5c9b-445e-9fef-8977c632bafe",
    "data": [
      {
        "text": "I feel empty",
        "userDefined": false
      }
    ],
    "isTemplate": false,
    "count": 0,
    "lang": "en",
    "updated": 0
  },
  {
    "id": "e8d38669-3f47-4ab7-944e-7efb6149bb01",
    "data": [
      {
        "text": "I ",
        "userDefined": false
      },
      {
        "text": "don",
        "userDefined": false
      },
      {
        "text": "\u0027t have anyone",
        "userDefined": false
      }
    ],
    "isTemplate": false,
    "count": 0,
    "lang": "en",
    "updated": 0
  },
  {
    "id": "d57474aa-1490-4b2b-aa4b-b6fae8ec81cc",
    "data": [
      {
        "text": "I feel ",
        "userDefined": false
      },
      {
        "text": "sad",
        "userDefined": false
      }
    ],
    "isTemplate": false,
    "count": 0,
    "lang": "en",
    "updated": 0
  },
  {
    "id": "935602f5-c085-4160-81e8-3d258456c84d",
    "data": [
      {
        "text": "I feel down",
        "userDefined": false
      }
    ],
    "isTemplate": false,
    "count": 0,
    "lang": "en",
    "updated": 0
  },
  {
    "id": "a03d1a48-2d46-4871-ae91-d940743fc33d",
    "data": [
      {
        "text": "I am so ",
        "userDefined": false
      },
      {
        "text": "lonely",
        "userDefined": false
      }
    ],
    "isTemplate": false,
    "count": 0,
    "lang": "en",
    "updated": 0
  },
  {
    "id": "cd04314b-eca0-4875-b77d-15f0b92ac915",
    "data": [
      {
        "text": "I am feeling ",
        "userDefined": false
      },
      {
        "text": "lonely",
        "userDefined": false
      }
    ],
    "isTemplate": false,
    "count": 0,
    "lang": "en",
    "updated": 0
  }
]