[
  {
    "id": "01010e44-74f2-48aa-8021-175b00b620fc",
    "data": [
      {
        "text": "I am scared for myself",
        "userDefined": false
      }
    ],
    "isTemplate": false,
    "count": 0,
    "lang": "en",
    "updated": 0
  },
  {
    "id": "e2014f14-ecf7-4fa1-975b-7b3af949e23e",
    "data": [
      {
        "text": "No",
        "userDefined": false
      },
      {
        "text": " i ",
        "userDefined": false
      },
      {
        "text": "don",
        "userDefined": false
      },
      {
        "text": "\u0027t want to feel this way",
        "userDefined": false
      }
    ],
    "isTemplate": false,
    "count": 0,
    "lang": "en",
    "updated": 0
  },
  {
    "id": "ec6ad4c6-8b11-4a88-8113-8385e78bc15d",
    "data": [
      {
        "text": "That ",
        "userDefined": false
      },
      {
        "text": "sounds",
        "userDefined": false
      },
      {
        "text": " ",
        "userDefined": false
      },
      {
        "text": "awful",
        "userDefined": false
      },
      {
        "text": ". What do i do?",
        "userDefined": false
      }
    ],
    "isTemplate": false,
    "count": 0,
    "lang": "en",
    "updated": 0
  },
  {
    "id": "d2383182-440d-4cd5-a2d9-ac387cae073f",
    "data": [
      {
        "text": "I\u0027m scared",
        "userDefined": false
      }
    ],
    "isTemplate": false,
    "count": 0,
    "lang": "en",
    "updated": 0
  }
]