[
  {
    "id": "642d215d-f5e2-45e0-bcc9-641c9f9ce2d6",
    "data": [
      {
        "text": "I haven\u0027t had proper sleep for the past few days",
        "userDefined": false
      }
    ],
    "isTemplate": false,
    "count": 0,
    "lang": "en",
    "updated": 0
  },
  {
    "id": "9e44dd78-9d7c-4ed7-80b4-284b0c8c54ce",
    "data": [
      {
        "text": "I can\u0027t seem to go to sleep",
        "userDefined": false
      }
    ],
    "isTemplate": false,
    "count": 0,
    "lang": "en",
    "updated": 0
  },
  {
    "id": "143fbd0e-ee2a-448c-abf4-ed9445d9572c",
    "data": [
      {
        "text": "I haven\u0027t slept for the last days.",
        "userDefined": false
      }
    ],
    "isTemplate": false,
    "count": 0,
    "lang": "en",
    "updated": 0
  },
  {
    "id": "266e396d-2e67-47ca-9e57-e276308266ff",
    "data": [
      {
        "text": "I can\u0027t sleep.",
        "userDefined": false
      }
    ],
    "isTemplate": false,
    "count": 0,
    "lang": "en",
    "updated": 0
  },
  {
    "id": "46f2192e-31bd-4f3d-92d2-2fd2e99f51dd",
    "data": [
      {
        "text": "I am suffering from insomnia",
        "userDefined": false
      }
    ],
    "isTemplate": false,
    "count": 0,
    "lang": "en",
    "updated": 0
  },
  {
    "id": "4d285bbd-89df-4f63-8586-b153f4f2b117",
    "data": [
      {
        "text": "I have insominia",
        "userDefined": false
      }
    ],
    "isTemplate": false,
    "count": 0,
    "lang": "en",
    "updated": 0
  }
]