[
  {
    "id": "18d8919d-b33a-42a2-b1f0-4cc55b4e004a",
    "data": [
      {
        "text": "I ",
        "userDefined": false
      },
      {
        "text": "don",
        "meta": "@sys.given-name",
        "alias": "given-name",
        "userDefined": false
      },
      {
        "text": "\u0027t want to talk about this.",
        "userDefined": false
      }
    ],
    "isTemplate": false,
    "count": 0,
    "lang": "en",
    "updated": 0
  },
  {
    "id": "8ad4bbbc-c309-4db9-b654-3d6ca646492d",
    "data": [
      {
        "text": "Can we not talk about this?",
        "userDefined": false
      }
    ],
    "isTemplate": false,
    "count": 0,
    "lang": "en",
    "updated": 0
  },
  {
    "id": "1a4484e7-d9ec-4123-a0be-d697500675ec",
    "data": [
      {
        "text": "Let\u0027s talk about something ",
        "userDefined": false
      },
      {
        "text": "else",
        "userDefined": false
      },
      {
        "text": ".",
        "userDefined": false
      }
    ],
    "isTemplate": false,
    "count": 0,
    "lang": "en",
    "updated": 0
  },
  {
    "id": "f508a2c1-4a91-4141-aad0-6c9d40a369d2",
    "data": [
      {
        "text": "I want to talk about something ",
        "userDefined": false
      },
      {
        "text": "else",
        "userDefined": false
      }
    ],
    "isTemplate": false,
    "count": 0,
    "lang": "en",
    "updated": 0
  }
]