[
  {
    "id": "db9464a1-c838-4b60-b7ff-6710efdbf306",
    "data": [
      {
        "text": "I am so burned out",
        "userDefined": false
      }
    ],
    "isTemplate": false,
    "count": 0,
    "lang": "en",
    "updated": 0
  },
  {
    "id": "ef324d9f-e583-4a61-ab3d-76437d242f9a",
    "data": [
      {
        "text": "I still feel stressed",
        "userDefined": false
      }
    ],
    "isTemplate": false,
    "count": 0,
    "lang": "en",
    "updated": 0
  },
  {
    "id": "a2612200-9429-4ebb-8721-a4e582093630",
    "data": [
      {
        "text": "I feel stuck",
        "userDefined": false
      }
    ],
    "isTemplate": false,
    "count": 0,
    "lang": "en",
    "updated": 0
  },
  {
    "id": "bc7bdcad-9446-4ca0-b05c-2c894527ba35",
    "data": [
      {
        "text": "I am so stressed",
        "userDefined": false
      }
    ],
    "isTemplate": false,
    "count": 0,
    "lang": "en",
    "updated": 0
  },
  {
    "id": "9c548f93-0082-4124-bdc2-802a156a528f",
    "data": [
      {
        "text": "I am so stressed out",
        "userDefined": false
      }
    ],
    "isTemplate": false,
    "count": 0,
    "lang": "en",
    "updated": 0
  }
]