[
  {
    "id": "41c81722-a97f-4dc2-9a68-6545a10f886a",
    "data": [
      {
        "text": "Are you dumb?",
        "userDefined": false
      }
    ],
    "isTemplate": false,
    "count": 0,
    "lang": "en",
    "updated": 0
  },
  {
    "id": "7dc7f6fa-3756-4548-9a42-42cb39c01039",
    "data": [
      {
        "text": "You are dumb",
        "userDefined": false
      }
    ],
    "isTemplate": false,
    "count": 0,
    "lang": "en",
    "updated": 0
  },
  {
    "id": "13f78cca-0101-4c90-8476-7f61c3f38aee",
    "data": [
      {
        "text": "You\u0027re crazy",
        "userDefined": false
      }
    ],
    "isTemplate": false,
    "count": 0,
    "lang": "en",
    "updated": 0
  },
  {
    "id": "f24c5deb-78aa-4e9b-b292-ffe493c872a3",
    "data": [
      {
        "text": "Are you stupid?",
        "userDefined": false
      }
    ],
    "isTemplate": false,
    "count": 0,
    "lang": "en",
    "updated": 0
  }
]