[
  {
    "id": "5761a382-1fa0-43bc-bf55-31904dba03be",
    "data": [
      {
        "text": "I am feeling suicidal",
        "userDefined": false
      }
    ],
    "isTemplate": false,
    "count": 0,
    "lang": "en",
    "updated": 0
  },
  {
    "id": "fe826832-f254-43fb-ae1d-12b66003f887",
    "data": [
      {
        "text": "I am going to commit suicide",
        "userDefined": false
      }
    ],
    "isTemplate": false,
    "count": 0,
    "lang": "en",
    "updated": 0
  },
  {
    "id": "83fc0e77-46c4-4b7c-880e-9305d33b6c64",
    "data": [
      {
        "text": "I am going to kill myself",
        "userDefined": false
      }
    ],
    "isTemplate": false,
    "count": 0,
    "lang": "en",
    "updated": 0
  },
  {
    "id": "d89bd924-d337-4d34-8396-c1b4c837ae7f",
    "data": [
      {
        "text": "I want to ",
        "userDefined": false
      },
      {
        "text": "die",
        "userDefined": false
      }
    ],
    "isTemplate": false,
    "count": 0,
    "lang": "en",
    "updated": 0
  },
  {
    "id": "956ace69-41e4-40cd-b683-c9d8a0669f07",
    "data": [
      {
        "text": "I\u0027ve thought about killing myself.",
        "userDefined": false
      }
    ],
    "isTemplate": false,
    "count": 0,
    "lang": "en",
    "updated": 0
  },
  {
    "id": "ed6b4c8b-5e9f-4ae4-ad2b-78f9c2e05b84",
    "data": [
      {
        "text": "I want to kill myself",
        "userDefined": false
      }
    ],
    "isTemplate": false,
    "count": 0,
    "lang": "en",
    "updated": 0
  }
]