[
  {
    "id": "b37e813f-51bc-4cee-85a1-779ec0d97170",
    "data": [
      {
        "text": "Thank you",
        "userDefined": false
      }
    ],
    "isTemplate": false,
    "count": 0,
    "lang": "en",
    "updated": 0
  },
  {
    "id": "c1dfd003-267c-4b62-8345-12528f648303",
    "data": [
      {
        "text": "That\u0027s helpful",
        "userDefined": false
      }
    ],
    "isTemplate": false,
    "count": 0,
    "lang": "en",
    "updated": 0
  },
  {
    "id": "3046f5d9-489c-4ecc-af89-640e32fcfed6",
    "data": [
      {
        "text": "Thanks for the help",
        "userDefined": false
      }
    ],
    "isTemplate": false,
    "count": 0,
    "lang": "en",
    "updated": 0
  },
  {
    "id": "69e9e561-957e-4c5e-9d34-154b9070fce3",
    "data": [
      {
        "text": "Than you very much",
        "userDefined": false
      }
    ],
    "isTemplate": false,
    "count": 0,
    "lang": "en",
    "updated": 0
  },
  {
    "id": "716851f6-9c2a-4681-89d1-233c2839a6cb",
    "data": [
      {
        "text": "Thanks",
        "userDefined": false
      }
    ],
    "isTemplate": false,
    "count": 0,
    "lang": "en",
    "updated": 0
  }
]