[
  {
    "id": "35026f7f-2dfd-41fd-aa09-feeec0f828d7",
    "data": [
      {
        "text": "Nobody understands me.",
        "userDefined": false
      }
    ],
    "isTemplate": false,
    "count": 0,
    "lang": "en",
    "updated": 0
  },
  {
    "id": "66905bd6-3029-4b45-8710-7e80f330ca20",
    "data": [
      {
        "text": "You can\u0027t help me",
        "userDefined": false
      }
    ],
    "isTemplate": false,
    "count": 0,
    "lang": "en",
    "updated": 0
  },
  {
    "id": "91d3882f-b5e3-4e6c-afd4-47ff82a8c87a",
    "data": [
      {
        "text": "You\u0027re useless",
        "userDefined": false
      }
    ],
    "isTemplate": false,
    "count": 0,
    "lang": "en",
    "updated": 0
  },
  {
    "id": "5e6894f0-88e3-45a1-b8c2-465d6e3ec913",
    "data": [
      {
        "text": "You can\u0027t possibly know what i\u0027m going through",
        "userDefined": false
      }
    ],
    "isTemplate": false,
    "count": 0,
    "lang": "en",
    "updated": 0
  },
  {
    "id": "63b3e1a0-0b03-4387-87e2-251994df6c7b",
    "data": [
      {
        "text": "You\u0027re just some robot. How would you know?",
        "userDefined": false
      }
    ],
    "isTemplate": false,
    "count": 0,
    "lang": "en",
    "updated": 0
  },
  {
    "id": "a1f118b5-39a7-4017-9ff8-7c006120eee2",
    "data": [
      {
        "text": "You ",
        "userDefined": false
      },
      {
        "text": "don",
        "userDefined": false
      },
      {
        "text": "\u0027t understand me.",
        "userDefined": false
      }
    ],
    "isTemplate": false,
    "count": 0,
    "lang": "en",
    "updated": 0
  }
]