[
  {
    "id": "8ac2f7e6-9e59-4e37-931a-8fa86c30483f",
    "data": [
      {
        "text": "I need advice on something",
        "userDefined": false
      }
    ],
    "isTemplate": false,
    "count": 0,
    "lang": "en",
    "updated": 0
  },
  {
    "id": "7d9ab324-d243-4e8e-8333-3fa307125773",
    "data": [
      {
        "text": "I need some advice.",
        "userDefined": false
      }
    ],
    "isTemplate": false,
    "count": 0,
    "lang": "en",
    "updated": 0
  },
  {
    "id": "679e09d3-4e0e-4019-a241-92db9765f404",
    "data": [
      {
        "text": "I want some advice",
        "userDefined": false
      }
    ],
    "isTemplate": false,
    "count": 0,
    "lang": "en",
    "updated": 0
  }
]