[
  {
    "id": "420c8d6c-b370-4447-9b59-5f59877f92b1",
    "data": [
      {
        "text": "I feel ",
        "userDefined": false
      },
      {
        "text": "better",
        "userDefined": false
      },
      {
        "text": " now",
        "userDefined": false
      }
    ],
    "isTemplate": false,
    "count": 0,
    "lang": "en",
    "updated": 0
  },
  {
    "id": "c53d8384-86b0-440a-ac6c-9e9291009739",
    "data": [
      {
        "text": "i did what you said and i feel alot ",
        "userDefined": false
      },
      {
        "text": "better",
        "userDefined": false
      },
      {
        "text": ". thank you very much.",
        "userDefined": false
      }
    ],
    "isTemplate": false,
    "count": 0,
    "lang": "en",
    "updated": 0
  }
]