[
  {
    "id": "0b9b5a5f-b8ce-4b72-a4cc-e9c9eeb8ff7c",
    "data": [
      {
        "text": "Nothing makes sense anymore",
        "userDefined": false
      }
    ],
    "isTemplate": false,
    "count": 0,
    "lang": "en",
    "updated": 0
  },
  {
    "id": "feac5492-30ed-4814-9c55-bb4dcf849a28",
    "data": [
      {
        "text": "I am so useless",
        "userDefined": false
      }
    ],
    "isTemplate": false,
    "count": 0,
    "lang": "en",
    "updated": 0
  },
  {
    "id": "5695f0eb-eb3f-480e-b380-18ba6aa0c2d9",
    "data": [
      {
        "text": "I can\u0027t do anything",
        "userDefined": false
      }
    ],
    "isTemplate": false,
    "count": 0,
    "lang": "en",
    "updated": 0
  },
  {
    "id": "12be94d7-f993-46fb-ae0b-e41ef348ad44",
    "data": [
      {
        "text": "No",
        "userDefined": false
      },
      {
        "text": " one likes me.",
        "userDefined": false
      }
    ],
    "isTemplate": false,
    "count": 0,
    "lang": "en",
    "updated": 0
  },
  {
    "id": "aff62e91-d2b0-441f-9317-77342531d37c",
    "data": [
      {
        "text": "I feel so worthless.",
        "userDefined": false
      }
    ],
    "isTemplate": false,
    "count": 0,
    "lang": "en",
    "updated": 0
  }
]