[
  {
    "id": "2837750a-59b4-4c54-ac77-1c5b1aff8ec9",
    "data": [
      {
        "text": "Wrong answer",
        "userDefined": false
      }
    ],
    "isTemplate": false,
    "count": 0,
    "lang": "en",
    "updated": 0
  },
  {
    "id": "8d59d4b1-ce8d-4643-bc5e-48ea708dcc46",
    "data": [
      {
        "text": "Wrong response",
        "userDefined": false
      }
    ],
    "isTemplate": false,
    "count": 0,
    "lang": "en",
    "updated": 0
  },
  {
    "id": "6ec83ae0-cea7-4227-8b66-e7a820b78843",
    "data": [
      {
        "text": "That doesn\u0027t make sense",
        "userDefined": false
      }
    ],
    "isTemplate": false,
    "count": 0,
    "lang": "en",
    "updated": 0
  },
  {
    "id": "a5bc356c-ec71-4750-bf72-53ecaf9b0323",
    "data": [
      {
        "text": "What are you saying?",
        "userDefined": false
      }
    ],
    "isTemplate": false,
    "count": 0,
    "lang": "en",
    "updated": 0
  }
]